{
  "n_strategies": 14,
  "names": [
    "Cross-Asset Pairs",
    "EXP-1220 Tail Risk",
    "EXP-1230 Microstructure",
    "EXP-1270 Adaptive Stop",
    "EXP-1320 Vol Cluster",
    "EXP-1630 GLD/TLT RV",
    "EXP-1630 Multi-Pair",
    "EXP-1640 Sector Mom",
    "EXP-1650 Earnings VC",
    "EXP-1660 Vol Premium",
    "TLT Iron Condors",
    "TLT-XLF Pair",
    "Vol Term Structure",
    "XLI Iron Condors"
  ],
  "short_names": [
    "X-Pairs",
    "1220-TR",
    "1230-MS",
    "1270-AS",
    "1320-VC",
    "1630-RV",
    "1630-MP",
    "1640-SM",
    "1650-EVC",
    "1660-VRP",
    "TLT-IC",
    "TLT-XLF",
    "Vol-TS",
    "XLI-IC"
  ],
  "correlation_matrix": [
    [
      0.9999999999999998,
      0.04264594961000502,
      0.12487592737597364,
      0.08360147558793071,
      0.13990568693362498,
      0.011229408224609808,
      -0.01728356170889503,
      0.05611612444945162,
      0.07783093444146162,
      -0.1448872095407695,
      -0.036595692688341945,
      0.06971007619430672,
      -0.17006491081059286,
      0.019117674526315548
    ],
    [
      0.04264594961000502,
      1.0,
      0.2530286433357052,
      0.22131854938481588,
      0.2852155517652556,
      -0.01878675625106421,
      0.027571009918939206,
      0.054590968200499135,
      0.13684939357325035,
      -0.3064323327211232,
      -0.09179703536057716,
      0.12734455707950681,
      -0.32123571851936567,
      -0.01760801827217729
    ],
    [
      0.12487592737597364,
      0.2530286433357052,
      1.0,
      0.49462896530493616,
      0.7102927886345369,
      0.09340009890556186,
      0.017566971311355005,
      0.22394381318096898,
      0.36782639705616194,
      -0.7300425601639468,
      -0.2182088706591968,
      0.3571481621215118,
      -0.7952584180358774,
      0.04023658732834017
    ],
    [
      0.08360147558793071,
      0.22131854938481585,
      0.49462896530493616,
      0.9999999999999998,
      0.5582660996042248,
      0.07077582096587917,
      -0.03491548960965126,
      0.19329353648733522,
      0.2865847052380327,
      -0.5612236834368688,
      -0.16277022252283097,
      0.2835908065670556,
      -0.6154952135982292,
      0.0338417280930198
    ],
    [
      0.13990568693362498,
      0.2852155517652556,
      0.7102927886345369,
      0.5582660996042248,
      1.0,
      0.10286255941548963,
      -0.030799617930185628,
      0.2714649253356158,
      0.40717236964718745,
      -0.8039427981960288,
      -0.21648723876371706,
      0.400091796785736,
      -0.8818244785016983,
      0.07582670644279535
    ],
    [
      0.011229408224609808,
      -0.018786756251064213,
      0.09340009890556186,
      0.07077582096587916,
      0.10286255941548962,
      0.9999999999999999,
      -0.016573304934499246,
      -0.0008196610327748115,
      0.08410260981597575,
      -0.10475750126964724,
      -0.0004150165412491066,
      0.03434068485179586,
      -0.11803424479586686,
      0.04177049533011781
    ],
    [
      -0.01728356170889503,
      0.027571009918939203,
      0.017566971311355005,
      -0.03491548960965126,
      -0.030799617930185628,
      -0.016573304934499246,
      0.9999999999999998,
      -0.04188548254587642,
      -0.006679018382678256,
      0.012402040021681717,
      0.033085157508314894,
      0.025678329726432348,
      0.014057291483092114,
      -0.018684525059467546
    ],
    [
      0.05611612444945162,
      0.054590968200499135,
      0.223943813180969,
      0.19329353648733522,
      0.2714649253356158,
      -0.0008196610327748115,
      -0.04188548254587642,
      1.0,
      0.115467417245154,
      -0.2674278908868344,
      -0.042006987726199714,
      0.1051885880486158,
      -0.27831088974453194,
      0.014480679706372365
    ],
    [
      0.07783093444146162,
      0.13684939357325035,
      0.36782639705616194,
      0.2865847052380327,
      0.40717236964718745,
      0.08410260981597575,
      -0.006679018382678256,
      0.115467417245154,
      0.9999999999999998,
      -0.4075595124821238,
      -0.10847387404762436,
      0.211032472535714,
      -0.4592122190397074,
      0.0460100031321644
    ],
    [
      -0.14488720954076947,
      -0.30643233272112314,
      -0.7300425601639468,
      -0.5612236834368688,
      -0.8039427981960288,
      -0.10475750126964724,
      0.012402040021681717,
      -0.2674278908868344,
      -0.4075595124821238,
      1.0,
      0.24795968671296,
      -0.3944653229069799,
      0.9004870366513154,
      -0.04144163033655959
    ],
    [
      -0.03659569268834195,
      -0.09179703536057718,
      -0.21820887065919684,
      -0.16277022252283097,
      -0.21648723876371706,
      -0.00041501654124910655,
      0.03308515750831489,
      -0.042006987726199714,
      -0.10847387404762436,
      0.24795968671296004,
      1.0,
      -0.1286166005224614,
      0.2613813826014368,
      -0.01764052840533872
    ],
    [
      0.06971007619430672,
      0.12734455707950684,
      0.3571481621215118,
      0.2835908065670556,
      0.400091796785736,
      0.03434068485179586,
      0.025678329726432348,
      0.10518858804861582,
      0.21103247253571403,
      -0.39446532290697983,
      -0.1286166005224614,
      0.9999999999999998,
      -0.4403033568458504,
      0.025904945606930945
    ],
    [
      -0.17006491081059286,
      -0.32123571851936567,
      -0.7952584180358773,
      -0.6154952135982291,
      -0.8818244785016983,
      -0.11803424479586684,
      0.014057291483092116,
      -0.278310889744532,
      -0.4592122190397073,
      0.9004870366513154,
      0.2613813826014368,
      -0.4403033568458504,
      1.0,
      -0.07391225653897675
    ],
    [
      0.01911767452631555,
      -0.01760801827217729,
      0.04023658732834017,
      0.0338417280930198,
      0.07582670644279536,
      0.04177049533011782,
      -0.018684525059467542,
      0.014480679706372363,
      0.0460100031321644,
      -0.04144163033655959,
      -0.01764052840533872,
      0.02590494560693095,
      -0.07391225653897675,
      0.9999999999999998
    ]
  ],
  "annualized_returns": [
    0.01054332648319976,
    0.32360385950258563,
    0.010672669851012999,
    -0.013856939648400164,
    0.000841576056885099,
    0.021105458816547053,
    0.15094768047407586,
    0.014171781243930806,
    0.024615712324363867,
    0.017091688787143438,
    0.06904541105090453,
    0.046026693198932045,
    0.005124991382217711,
    0.11808751797612631
  ],
  "annualized_vols": [
    0.007825303852610582,
    0.10336693281016239,
    0.019967664739916374,
    0.03901970045999651,
    0.0134348633116004,
    0.02568351931753493,
    0.13937631025163674,
    0.011906617348133032,
    0.0167054750422836,
    0.06198374782740544,
    0.058796371848721565,
    0.07494703336790845,
    0.025750656370736126,
    0.1509074496843938
  ],
  "portfolios": {
    "equal_weight": {
      "weights": {
        "Cross-Asset Pairs": 0.0714,
        "EXP-1220 Tail Risk": 0.0714,
        "EXP-1230 Microstructure": 0.0714,
        "EXP-1270 Adaptive Stop": 0.0714,
        "EXP-1320 Vol Cluster": 0.0714,
        "EXP-1630 GLD/TLT RV": 0.0714,
        "EXP-1630 Multi-Pair": 0.0714,
        "EXP-1640 Sector Mom": 0.0714,
        "EXP-1650 Earnings VC": 0.0714,
        "EXP-1660 Vol Premium": 0.0714,
        "TLT Iron Condors": 0.0714,
        "TLT-XLF Pair": 0.0714,
        "Vol Term Structure": 0.0714,
        "XLI Iron Condors": 0.0714
      },
      "return": 0.057,
      "vol": 0.018,
      "sharpe": 0.67,
      "risk_contrib": {
        "Cross-Asset Pairs": 0.0015,
        "EXP-1220 Tail Risk": 0.1649,
        "EXP-1230 Microstructure": 0.0137,
        "EXP-1270 Adaptive Stop": 0.0307,
        "EXP-1320 Vol Cluster": 0.0094,
        "EXP-1630 GLD/TLT RV": 0.0114,
        "EXP-1630 Multi-Pair": 0.3099,
        "EXP-1640 Sector Mom": 0.0025,
        "EXP-1650 Earnings VC": 0.0098,
        "EXP-1660 Vol Premium": -0.0263,
        "TLT Iron Condors": 0.0438,
        "TLT-XLF Pair": 0.0964,